,Ratings,Review Date,Description,Review Title,Site
1,5.0,16 January 2020,"We started with drinks from their large selection of smoothies, shakes, lassi and juices, all freshly prepared and artfully presented. Our food choices were made from a good selection of traditional Indian vegetarian and non-vegetarian dishes as well as salads, Chinese and Continental dishes. The...More",Delecious food ..,Trip Advisor
2,5.0,14 January 2020,"We called in for a drink and returned for an evening meal as we liked the atmosphere and the look of the menu. In fact we liked it so much we returned each evening of our 4 night stay in Delhi.
Good is straightforward, meat...More",A little gem,Trip Advisor
3,5.0,14 January 2020,"Just landed from a trip to Varanasi and thought I'd try this place near my hotel that is highly rated. Ordered a tandoori platter of fish and lamb. Totally superb. International drinks reasonably priced too, compared to Taj hotels at least. Around ¬£2 for JW...More",Well worth a visit,Trip Advisor
4,5.0,13 January 2020,"A charming & relaxed restaurant with good food which is well priced. The service was excellent, I ate here both as part of a group and as a solo twice. Felt perfectly relaxed and looked after every time. Lovely food and cocktails if so desired....More",Excellant restaurant with charitable intentions,Trip Advisor
5,5.0,12 January 2020,My family and I were staying local and found this gem. We went there twice on our first 2 days in Delhi as we felt very safe and enjoyed the delicious food and great service.,"Delicious, clean and safe dining ",Trip Advisor
6,4.0,10 January 2020,This was by far the best meal I had during a three week visit to Rajasthan over Christmas and New year 2019.  We were taken there by our tour guide as a last night meal and the food was sublime.  There were 12 of us...More,Wonderful concept - Great food!,Trip Advisor
7,5.0,9 January 2020,"I've been there 3 times by now and each time the food and service were absolutely fantastic. Can't go wrong with this place, in particular if you're travelling from the Western hemisphere and want to be careful in your choice of restaurants.",Great food for a great cause,Trip Advisor
8,5.0,9 January 2020,Really lovely meal in a cosy atmosphere. We attended as a large group and the food was very nice and out in a timely manner. Nice to support locals while having a really good experience.,Lovely ,Trip Advisor
9,5.0,9 January 2020,we enjoyed very much the food is just amazing good hopitallity so clean will come again and again thanks ajay brother for your infromation for this restaurant,enjoyed a lot,Trip Advisor
10,5.0,7 January 2020,The food at Kitchen With A Cause was incredible. There were plenty of staff to ensure prompt and friendly service. An awesome place doing the community an incredible service.,"Good Food, Great Community Service",Trip Advisor
11,5.0,4 January 2020,"Wat een mooi concept. 
Daarnaast heerlijk eten. 
Geraakt door de gastvrijheid! 

Dear Neina: 
Go for it.
I wish you an amazing future!More",Touch at the heart,Trip Advisor
12,5.0,4 January 2020,"Recommended- this place is doing great things. The food, service and atmosphere is very good and it is decent value for money.",Really nice place with good food and service!,Trip Advisor
13,5.0,3 January 2020,We ate here with our guide and group of 10 on a G Adventures Tour. This place has a buzzing atmosphere. The food and service were excellent and it's great to know you are helping a fantastic cause. We would highly recommend a visit.More,Fabulous food and excellent service,Trip Advisor
14,5.0,2 January 2020,"While in Delhi we visited Kitchen With A Cause twice. The food was excellent both times. The restaurant has a good atmosphere and is clean and nicely designed, making it a cool place to hang out for an hour or two.More","Great food, atmosphere, and mission!",Trip Advisor
15,5.0,26 December 2019,Awesome place with an amazing message. Food was good if a little pricey. It was nice and calm Inside compared with the crazy street outside and the waitresses were so sweet.More,"Awesome place, great ethos",Trip Advisor
16,1.0,25 December 2019,"To begin with, I am a Proud Indian and would be blatantly honest about this review!
A couple of weeks ago, My photographer friend and I bumped into this cafe around 6:30 in the evening! 
We enter only to find most of the tables reserved!...More",You Bet There's A Cause!,Trip Advisor
17,4.0,25 December 2019,"While visiting the Karol Bagh market my family decided it was time to eat so we tried Kitchen With a Cause.

Love the concept of the establishment helping local young people.  The food was amazing too.

I tried the Shahi Paneer with rice and Roti....More",Great Cause Good Food,Trip Advisor
18,5.0,19 December 2019,"We visited a few times during our time in India and loved it here! There are so many delicious veggie options to choose from. I highly recommend the chickpea curry if you like a bit of spice, and all of the paneer curries were amazing...More",Visited here 3 times!!,Trip Advisor
19,5.0,17 December 2019,"Lots of choices, great tasty food and a good price. Amazing cocktails. Service was great and they help get street kids off the street, amazing place!",Great food and such a good cause ,Trip Advisor
20,5.0,12 December 2019,The food was delicious and service was excellent. The restaurant was very busy and very noisy.  I applaud the work they do to help get local youth off the streets with training for future jobs. Make reservations!More,Delicious food and helping local youth,Trip Advisor
21,5.0,11 December 2019,"Concept of the restaurant is wonderful. Food is magnificent. Stuffed naan, korma curry, butter chicken, garlic roti. OMG I could just keep going. It is definitely a must to eat at least once here",Delicious food,Trip Advisor
22,4.0,9 December 2019,Interesting new food. Very noisy. Usually with large tables of group tours that all talk loiuder than the other,For Tourist Groups,Trip Advisor
23,4.0,8 December 2019,"We visited Kitchen With A Cause as an optional meal on our Golden Triangle Tour. 

This restaurant provides opportunities for those wanting to get a foot in the hospitality industry, and also serves up delicious meals. The menu serves up Indian curries, breads, and rices,...More","Great food, friendly and attentive service, great social cause",Trip Advisor
24,5.0,6 December 2019,"Visited here today after reading the reviews and loved it. Great food reasonably priced, clean and well laid out restaurant and great service. Had the restaurants specials: fish curry & chicken curry, garlic Mann and rice. Will return.",Will Definitely Return ,Trip Advisor
25,4.0,27 November 2019,"Great food, service and atmosphere. And the opportunity to give back to the community. There's Indian, Chinese, burgers and pizza",Excellent,Trip Advisor
26,5.0,21 November 2019,"We went here twice during our trip to Delhi - the food was great, service was excellent, and the restaurant does great work for the local population (providing street kids with internship opportunities)! You can feel good about eating here.",Great place with a great mission!,Trip Advisor
27,5.0,20 November 2019,"We had a meal here just recently with our tour.  The best food, fantastic service and the concept is heartwarming.  You need to go here if you vidit New Dehli.",Fantastic Food,Trip Advisor
28,5.0,17 November 2019,"Really good food and amazing staff.
The place is welcoming, warm and clean.
The food is various and fresh!
Most important, with a cause!
Good job!",Really good place!,Trip Advisor
29,3.0,17 November 2019,"The ambience is very nice and service excellent. The food however was very disappointing. My malai kofta was pale, bland and unappetising. The paratha was just OK. Would not go back here.",Disappointing,Trip Advisor
30,5.0,12 November 2019,"I visited kitchen with a cause restaurant alongwith my fiancee...the food was awesome & the service was even better....that too at very low prices...

By knowing that this restaurant helps the underprivileged youth of the streets to train them for the better future, I was...More",Excellent,Trip Advisor
31,5.0,10 November 2019,"During my trip, I went here for dinner and drinks several times and everything I ordered from the menu was excellent! Delicious food, modern and bright atmosphere, friendly staff and at very reasonable prices. 

I really love the concept of this restaurant. Kitchen With A...More",Excellent food and service,Trip Advisor
32,5.0,5 November 2019,"We were introduced to this restaurant as part of a G Adventures Tour and in my two weeks of being in India, this was my favourite restaurant. The food is high quality and exquisitely made, and what makes the experience that bit more special is...More",Responsible tourism in its finest form,Trip Advisor
33,5.0,2 November 2019,"We visited as part of our G Adventures tour but also went back twice more because we were so impressed with the food, the service and the experience. All the food was fresh and tasty, price was very good, the cocktails were cheap and delicious.",Great food - value for money - lovely staff,Trip Advisor
34,5.0,31 October 2019,"What a great place to eat, and such a wonderful cause.  Welcoming, friendly and very efficient.  I'm happy to recommend to any traveller.","Delicious food, a brilliant concept.",Trip Advisor
35,5.0,29 October 2019,We visited this restaurant twice during our stay in Delhi - delicious local and international food (noodles & veg are great for when you need that fix!),Delicious food and lovely staff,Trip Advisor
36,5.0,29 October 2019,"Fabulous atmosphere, very clean, great staff, brilliant service. Toilets western style very clean. Food all freshly prepared. Pre book essential if large group like ours. Accommodated the bills as we asked for individual ones. Concept of this KAFE is so important to help local people...More",Group visit of 12 travellers average age of group 60 years. Food excellent variety especially vegetarian choices. ,Trip Advisor
37,5.0,28 October 2019,"I ate here 3 times during my visit to Jaipur. 
Each time, whether in a group or on my own, I was made to feel very welcome. The food choice was good & it tasted lovely. When the restaurant was full in the evening, service...More",Great Food For A Great cause,Trip Advisor
38,5.0,28 October 2019,"We visited KWAC 3 times during our short stay in Delhi and were all very impressed with the quality of the food, the cleanliness of the restaurant, and the attentiveness of the staff. From the unique Lahore curry served in a clay pot to the...More",Outstanding traditional Indian food served in a chic casual setting,Trip Advisor
39,5.0,27 October 2019,"A group of 12 of us visited kitchen with a cause as part of a 2 week holiday in India. Such a great concept, the staff were lovely and so attentive and the food was great. We'll worth a visit","Amazing staff, restaurant and food",Trip Advisor
40,5.0,25 October 2019,"We ate at this restaurant on two occasions and both times the food was excellent, customer service fantastic and fabulous surroundings.  I also loved the fact that it supports young people to engage in training for their futures and helps them to find employment.  Super...More","Amazing restaurant, excellent food & staff and beautiful decor.",Trip Advisor
41,5.0,25 October 2019,We were drawn to the restaurant due to the premise of what the cause promotes and how it can help people but what I wasn't expecting was just how delicious the food was going to be. I was in India for 2 weeks and this...More,The best place to eat in Delhi,Trip Advisor
42,5.0,24 October 2019,"We've been in India for 2 weeks and this restaurant impressed us the most. Besides the great food and service, they are also working on a great cause and have values which I definitely stand behind. I very much recommend this.",Best restaurant experience in India,Trip Advisor
43,5.0,21 October 2019,"Nice that it also supports a good cause. Mostly visited by tourist, but excellent food and flavours, in a nice ambiance. Friendly staff. Alcohol served. 
Best meal in delhi.",Excellent food and flavours. Friendly staff. Alcohol served,Trip Advisor
44,4.0,14 October 2019,"""As it is in its name that this place is run for a Cause ie to help underprivileged to earn their living""...Good Ambience, Food & staff. When we visited this place it was fully occupied by the Foreign tourists & some were also waiting for...More","""Casual outing""",Trip Advisor
45,5.0,13 October 2019,We visited this restaurant as a group and had a great dinner. Excellent initiative and well worth supporting!,Great dinner,Trip Advisor
46,5.0,8 October 2019,Food was awesome and was a lovely air conditioned setting to sit and enjoy some quiet away from the hustle of the market outside.,Great Lunch!,Trip Advisor
47,5.0,29 September 2019,"Had a brief stopover in Delhi & found this gem. Not only is the food delicious, fish tikka & a seasonal veg curry, but it makes a difference to young people!",Great place to eat,Trip Advisor
48,5.0,24 September 2019,"I spent arround a week in India and went out for meals all the time. This restaurant was, so far, the one with the most tasty Indian food I came across. All the staff was very professional and polite.
Having great food for a good...More",Very tasty food,Trip Advisor
49,5.0,21 September 2019,"The best restaurant in Delhi! The best curry I have ever tasted, friendly staff and a great cause. Would highly recommend. We were in a big group and the restaurant staff did a great job of fitting us in because it was busy. Amazing cocktails...More",Best restaurant in Delhi!,Trip Advisor
50,5.0,18 September 2019,"Came here twice while in New Delhi, the first with a group & the second time solo.
Both times had great food & great friendly service. This is definately worth supporting.",Fantastic,Trip Advisor
51,5.0,12 September 2019,Ate here 3 times during my trip to The India. The food was excellent and the staff are all amazing. Bit more expensive than some other places but well worth it. You can also just go in for a beer if you want to get...More,Excellent food,Trip Advisor
52,5.0,10 September 2019,"I can‚Äôt understand why anyone would give this great restaurant less than 5 stars. We recently had dinner here and throughly enjoyed ourselves. 

The food was delicious and well presented the restaurant had a nice feel to it. On top of that they are helping...More",Please take the time to support this great restaurant.,Trip Advisor
53,4.0,4 September 2019,"We went here twice, at the beginning and end of our tour. As a first night restaurant it was great. The staff speak English, the food is good, and it is busy. We were with an organised tour, and it looked like a lot of...More",Good for New Visitors,Trip Advisor
54,1.0,1 September 2019,"All 5 star reviews for a restaurant should give people a cause to be concerned.  Like many other westerners who have reviewed this restaurant, we also went there for dinner because we thought the place was doing some good.  The food took ages to arrive,...More",Kitchen without a cause,Trip Advisor
55,5.0,26 August 2019,"I came here with a group and really enjoyed both the food and the atmosphere. Between us, we probably tried most of the stuff on the menu and there was nothing left on our plates, it was delicious. I had the butter chicken which i...More",Cool Place,Trip Advisor
56,5.0,25 August 2019,"I had the aloo ghobi (highly recommend it!) and it was the best I have had during my three weeks travel! Flavours and texture were absolutely on point. The staff is friendly and very service minded, making this perhaps one of my favourite restaurants in...More",Really tasty food and friendly staff - makes it a pleasure to support a good cause,Trip Advisor
57,5.0,11 August 2019,"The food here is excellent, fresh and well made.  The while idea is brilliant, and it's great to know that you are not just having a lovely meal but helping to get young people off the streets and into work.  The specials are great, as...More",Wonderful,Trip Advisor
58,5.0,30 July 2019,"very nice manager , interested to tell the story of their company, very nice food, busy but cosy , been there 3 times at a row",nice food and conversation,Trip Advisor
59,5.0,28 July 2019,"Amazing food, great service, the selection is varied and big! Waiters are helpful with recommendations, and the bar is amazing for drinks!",Amazing food that helps! ,Trip Advisor
60,4.0,26 July 2019,"A delicious dinner. We ordered the Dahl, butter chicken, rice, naan and two lime sodas. It was all delicious. 1200 rupees for two people so on the more expensive side for Delhi but it is a more western style tourist restaurant if you are just...More",Dinner ,Trip Advisor
61,5.0,19 July 2019,"We visited for dinner following reviews on TripAdvisor - great food, really cool decor and the enthusiastic and motivated staff were greatMore",Great food and enthusiastic staff,Trip Advisor
62,5.0,11 July 2019,"We came as a group of 16+ and the service was excellent, friendly staff and great food too. Really good variety and choice of vegetarian options! Great atmosphere too. Would visit again if in Delhi.",Great restaurant ,Trip Advisor
63,5.0,9 July 2019,"Recently I had visited kitchen for a cause. Literally right now I don‚Äôt have any sort of words to describe this place. The environment which they had created for the customers are so dam marvellous like they had made a palace from a scrap, the...More",REVIEW TIME ,Trip Advisor
64,5.0,5 July 2019,"Great food in this gorgeous little restaurant. You could easily miss it walking past, but it is worth looking for. We shared a few different dishes and each of them was delicious. Plenty of veggie options and the meat in the meat ones was really...More",Delicious food,Trip Advisor
65,5.0,5 July 2019,"A group of 14 of us came for dinner and we were blame away by the quality of food! The flavours were amazing and everything was so fresh! Will definitely return at the end of our trip, best restaurant in Delhi!",Group Dinner,Trip Advisor
66,5.0,3 July 2019,"Two experience travellers in Delhi. We were struggling to find somewhere that was cheap and cheerful, but also very nice...thank goodness we found the Kitchen. Beautiful food, friendly and attentive staff, cool vibes and all for a very reasonable price. Couldn't recommend more!",Wonderful,Trip Advisor
67,5.0,2 July 2019,"I came across the place by a stroke of luck while out waking through the shopping area nearby on my final day in India. I wish I had found it on my first day here. 

I had the butter chicken for lunch and it was...More",Best butter chicken on my india trip.,Trip Advisor
68,5.0,10 June 2019,"A great restaurant supported by G Adventures where we ate as a group on 2 occasions (start and end of our tour). Supporting local people, it was great to dine here rather than any random restaurant, With delicious food, making a choice was a hard...More",Wonderful Indian cuisine at great prices and for a cause!,Trip Advisor
69,5.0,10 June 2019,Our G Adventures Tour leader brought us here for our group dinner before we set out the next day. We really appreciated the concept of this place giving paid internships to underprivileged young adults to train them for the work force. It's such a supportive...More,Group Dinner,Trip Advisor
70,5.0,6 June 2019,"I visited a number of times during my visit to New Delhi, both with members of my tour group and by myself. 

The food was delicious and the servings were generous. The staff were friendly and attentive. The facilities were all very clean.",Great variety and well priced,Trip Advisor
71,5.0,30 May 2019,"We were recommended this hotel from a G adventures  tour, and we were not disappointed. We tried a number of dishes, mostly Indian, and I'd advise you stick to these when visiting. On our last visit we opted for the veggie burger, but it was...More",Visited 3 times in two weeks - did not disappoint. Vegan options!,Trip Advisor
72,4.0,18 May 2019,"Great restaurant, food was yummy but a little pricey.
Decor is beautiful and very clean.
Staff are fabulous.",Very clean,Trip Advisor
73,5.0,17 May 2019,This is a great place to visit with your family and friends.  The food is delicious and service is excellent.  Totally 10 on 10.,Great place,Trip Advisor
74,4.0,4 May 2019,"Probably for turists, but they offer a good variety of Indian dishes originally revised plus some Chinese food. All the dishes we tried were very good, I had tandoor nasi chicken, chef selection, very good. They serve alcohol.",Very good Indian dinner,Trip Advisor
75,5.0,2 May 2019,"This Reustaurant seems to be supported by many Travel Oranizations, including Trip Advisor. There are always many people waitingn for the table and/or chair. The atmospher inside is amazing and the food delicious!",Very delicious food and good choice of various drinks,Trip Advisor
76,5.0,2 May 2019,"Seek out this great social enterprise restaurant set up to offer internships for young adults from the streets who have been assisted by NGO's across Delhi. 
Great set up, excellent food and service",A must in Delhi,Trip Advisor
77,5.0,28 April 2019,"We were there last evening for dinner and from the first second we got there we fell in love with the place.
 unique concept and design great food and service.
The best restorant we been in india!!!",Amazing!!!,Trip Advisor
78,5.0,23 April 2019,"In my short stay in Delhi, I visited this restaurant twice!
The staff are fantastic, very attentive and always happy and bubbly when serving. This is such a fantastic cause to support.
And of course, the food was extremely delicious!",Fantastic food and excellent cause!,Trip Advisor
79,5.0,21 April 2019,"Not the easiest place to find but, once we'd arrived, the welcome and the food that followed was superb. Really can't fault anything - food all high standard, well presented and very reasonable. Nice staff. If you want good food that supports a social cause,...More",Great food for a good cause,Trip Advisor
80,5.0,17 April 2019,The food and the service here is amazing. After 2 weeks in India the meal I had here was the best by far! Keep doing what you do! You are incredible! A little piece of hope for the young people of Delhi,Inspirational place!,Trip Advisor
81,5.0,16 April 2019,"My mum and I went to this restaurant twice during our 2 separate stays in Delhi, precisely because we loved it so much! We found the food very reasonably priced, super tasty, and the staff totally wonderful. They offer such a variety of food to...More","Such a beautiful experience and food, for such a great cause",Trip Advisor
82,5.0,16 April 2019,"Recently I got chance to visit Kitchen with cause restaurant in Karol Bagh . as I am frequent traveler to Karol Bagh food places for last many years I must say KWC is just brilliant. The ambiance, staff, location and certainly the food which really...More",Great food on best price,Trip Advisor
83,4.0,15 April 2019,"Reasonably priced, flavourful well prepared food. Appeared to be quite popular with tourists. Service was good. Our server was quite busy, seemed like he may have had too many tables, and meals were quite slow coming to the table but otherwise no complaints.","Good food, great for groups",Trip Advisor
84,1.0,11 April 2019,"Had to Order 3 times to get something that they had ingredients for, disappointing service, in the end I got a pizza, the smallest pizza I‚Äôve ever seenMore",No ingredients ,Trip Advisor
85,5.0,10 April 2019,This restaurant was by far my favorite food place I visited within India because of the initiative it supports. KWAC educates young people and provides them with 6 month internship to teach them the skills and knowledge to be able to work in the hospitality...More,Fantastic food for a fantastic cause,Trip Advisor
86,5.0,9 April 2019,"I ate here a couple of times during my trip to Delhi. I was drawn here initially based upon a recommendation and I was not disappointed. As a vegetarian, I was spoilt for choice and every dish I had was cooked perfectly and presented well....More",Outstanding food and great atmosphere ,Trip Advisor
87,5.0,9 April 2019,"KWAC provides internships for young people from a care background, and helps them get in to the hospitality industry. The cause alone is worth a visit (the tasty food and drink is a massive bonus!).
I ate and drank here multiple times on my trip...More",Great food and amazing cause,Trip Advisor
88,5.0,6 April 2019,"Went here for dinner today.
The food is absolutely brilliant.
Tasty, expertly cooked.
I had a tandoori dish. Make sure you finish with an excellent chai tea.
Probably the best Indian food I have ever had (and I‚Äôve had a lot!).
The staff were wonderful...More","Wow, this is a must do!",Trip Advisor
89,5.0,6 April 2019,"I ate here multiple times on my solo trip to India. The staff are fantastic and the food is delicious. I definitely recommend checking out this place on your trip. 

One must remember when eating at this resturant, that they‚Äôre not only feeding themselves but...More",Delicious food with a fantastic cause.,Trip Advisor
90,5.0,5 April 2019,"Came across this place on TA so decided to give it a go because the name fascinated me. Firstly the cause is great, helping young adults transitioning from a life in care to the job market is a critical missing piece of a lot of...More",Twice in three days,Trip Advisor
91,5.0,4 April 2019,"This was actually the first restaurant we went to India and it didn‚Äôt disappoint. It‚Äôs clean and very touristic.
The food was really good ! I would visit againMore",Nice restaurante,Trip Advisor
92,5.0,26 March 2019,"Came here with a tour group and was extremely happy with all aspects of this restaurant. The food was delicious, staff were lovely and the interior was nice, also definitely is a kitchen with a great cause.More",perfect,Trip Advisor
93,5.0,25 March 2019,The food & service at Kitchen with a Cause was superb. One of the best meals we have had on our two weeks of travel in India. They have a varied menu to choose from. We would definitely visit here again.More,Amazing food and initiative ,Trip Advisor
94,5.0,24 March 2019,What's better than a restaurant that serves delicious food and have a good cause at the same time? This restaurant trains young people from the streets and help them getting into hospitality service. People that wouldn't otherwise have any chance of getting a good life...More,Great food and initiative,Trip Advisor
95,5.0,24 March 2019,"Kitchen with a cause is a restaurant serving you delicious food made and served by peoples attending their hospitality training program. There‚Äôs really no reason not to come here. If you‚Äôre in Delhi, just go. This is greatMore",Great food amazing cause,Trip Advisor
96,5.0,22 March 2019,"The food was outstanding, with a great atmosphere and good service (even though we were a big group). I love the idea behind the restaurant and how it can change some peoples' life.",Great place to eat and enjoy!,Trip Advisor
97,5.0,22 March 2019,"Amazing food, amazing staff, amazing cause. Lovely to eat at a place that is helping the kids. Food was great. Highly recommendMore",Great!,Trip Advisor
98,5.0,22 March 2019,Kitchen With a Cause is such an excellent organization. They train kids in hospitality to help get them off the street and be successful in both India and internationally. The service and the food were both great!! Will visit again if ever in India again!!More,Excellent!,Trip Advisor
99,5.0,19 March 2019,This place has some great food like all the other places in teh city. Such great food and would highly return for another mealMore,Very ncie,Trip Advisor
100,4.0,16 March 2019,We ate here as a destination after learning about this restaurant.   They train former street kids in the hospitality industry and help them find employment after they complete the training.  That was a good enough reason for us to eat here.  We were here mid...More,Great cause,Trip Advisor
101,5.0,14 March 2019,"Great little restaurant next to a shopping street. The food is tasty and the service excellent.
The place have a social philosophy, helping the street children to a better future - love it!More",Great little place,Trip Advisor
102,5.0,7 March 2019,We had an excellent meal here. The sauces are thick and beautifully spiced and the breads were needed for making sure none of that sauce was left behind. They have a great selection of drinks too. The staff are warm and welcoming.More,Don‚Äôt miss out on this place ,Trip Advisor
103,5.0,25 February 2019,Visited this restaurant with a group of friends recently so a varied order was placed. All choices were excellent with no complaints would highly recommend this restaurant for quality of food and service not to mention the great work they do for the local community....More,Great Food Great Service Great Cause. ,Trip Advisor
104,5.0,23 February 2019,"Visited here recently for 2 nights in a row (it was that good!). The food here was amazing, the cause even better! Visited with family and we had different things each night, everything was great! The staff and the atmostphere were awsome!More",Incredible!,Trip Advisor
105,5.0,19 February 2019,Visited with friends recently.  We all had the non veg tandoori platter which was delicious and if i‚Äôm honest a bit too much for one person.  For a couple I would recommend one of these and a less filling veg dish.  Very happy with our...More,"Good, we‚Äôll priced food with a great story to tell",Trip Advisor
106,1.0,14 February 2019,As an mature single traveller looking for good food experience I was surprised when the waiter told me there was no space in the place.....despite it being three quarters empty. A shame I am unable to review their food....maybe when they re-work their seating area......good...More,Didn‚Äôt eat here the place is not keen on solo travellers taking up room,Trip Advisor
107,5.0,13 February 2019,What‚Äôs not to love! Great food- welcoming staff- good vibe and this restaurant changes lives! We loved this place and came back several times.More,Wonderful restaurant with a feel good edge,Trip Advisor
108,5.0,12 February 2019,We were staying nearby in Karol Bagh and wanted a quick dinner on our first evening. We saw the reviews on Trip Advisor and decided to try it out. We liked it so much we came back the next evening to try more of the...More,"Lovely food, pleasant staff, great cause",Trip Advisor
109,5.0,12 February 2019,"This was one of the first place we ate at in India - Easily the best. 
The food is delicious, cocktails are great, hospitality outstanding and the restaurant is well decorated. 
You should definitely eat here if you're in Delhi!More",Highly recommend,Trip Advisor
110,5.0,11 February 2019,"Really good food and service, also serving alcohol and meet dishes. Great to know that they also help develop some less fortunate peopleMore",Great place,Trip Advisor
111,5.0,7 February 2019,A restaurant with great food and A refreshingly new consept that helps less fortunate youth develope skill sets in the hospitality industry and set their footing towards a better future . Don't miss the Naiza chicken and the Dhungari dal makhani.They also have great deals...More,Great food with a greater cause,Trip Advisor
112,4.0,7 February 2019,"This is an easy restaurant as it is focused on westerners so it feels ‚Äúeasy‚Äù. 

Idea is they train up homeless people in a trade in the hospitality industry.

Food was good, a bit expensive but not silly and it‚Äôs s good cause . I...More",Nice modern restaurant supporting locals,Trip Advisor
113,5.0,5 February 2019,"Visited this place after reading reviews on Trip Advisor & was not dissapointed. Staff very attentive, food delicious & the atmosphere was great. Fantastic cause & would highly recommend a visit ü•óMore","Great food, staff & cause",Trip Advisor
114,2.0,26 January 2019,I visited this restaurant with my friends after seeing the review on Tripadvisor but after eating food I did not find the taste upto the mark. Ambiance is fine but  first and formost thing is taste of the food which was not upto the mark....More,Did not like the taste of food,Trip Advisor
115,5.0,25 January 2019,Really good food in bazaar area of Delhi. Wemt twice in our few days in Delhi each really enjoyed the food and service.,Great food in local surroundings,Trip Advisor
116,4.0,10 January 2019,"‚ñ†feeling
On the just opened time,I came to there however they are preparing...

Not only here ,we should visit the store after 30mis or more on local store.

Dishes are neatly quickly makes thanks 

‚ñ†taste
Here‚Äôs bread is so good, hot and softly.
The bread‚Äôs...More",Staff kindly and nice foods,Trip Advisor
117,3.0,7 January 2019,"We ate here on our first night in Dehli. Lovely decor and ambience, staff is attentive and friendly and the food was average. 
Good price, average food and friendly staff. Some with limited English.",Decent restaurant,Trip Advisor
118,5.0,7 January 2019,Went here for lunch and loved everything about it including the cause! The owner takes in youth that are living on the streets and helps them by training them in the kitchen. They were actually shut for an orientation when we went but made room...More,Great food and ambience ,Trip Advisor
119,5.0,6 January 2019,"Fantastic food, service and atmosphere plus supporting an excellent cause. I have been here four times already and plan to go again on my return leg through Delhi. Chicken tikka masala is excellent and there is a great range of food for all tastes. It‚Äôs...More",Excellent all round,Trip Advisor
120,5.0,5 January 2019,The staff is very courteous and takes the trouble of going an extra mile if you have any special requests for the food you have ordered. Relished the food and appreciate the cause they are supporting. Will definitely suggest this place. Good food and ambience.,Worth your money and time,Trip Advisor
121,5.0,3 January 2019,Great menu options from various cuisines. Chose to try Tikka Masala and Rogan Josh.  Delicious with just the right amount of heat!! Nice atmosphere and very clean. Excellent service!! Will eat there again.,Delicious Dinner,Trip Advisor
122,5.0,3 January 2019,"I came to this restaurant on the first night of my GAdvenures tour and thoroughly enjoyed it. The food was delicious I thoroughly enjoyed it, as did everyone else. The restaurant is clean and modern and I would happily go again",beautiful food,Trip Advisor
123,5.0,2 January 2019,"the restaurant is really nice, the food is great and the people...can change the world! their purpose to help children living on the street to learn a job in training session in the restaurant is fantistic!",Amazing place,Trip Advisor
124,3.0,1 January 2019,"The location is pretty, central crowdy. The restaurant is modern style, clean and the staff very helpful. The food is not as delicious as expected. This not means that is bad but my expectations was higher. Ismt is more expensive than the others restaurant but,...More",Not bad not too good,Trip Advisor
125,5.0,27 December 2018,"Great food, lovely service! People were friendly and warm, service was quick and food was beautiful!",Tasty treat,Trip Advisor
126,5.0,24 December 2018,This restaurant is a haven from the wild streets of Karol Bagh. We shared a green lentil daal and naan which was so rich and delicious. The staff are very polite. We love the idea behind this restaurant - training underprivileged people in the hospitality...More,Great food,Trip Advisor
127,4.0,24 December 2018,The food here is simply amazing and delicious too and service also is just damn good of the restaurant.,Amazing food ,Trip Advisor
128,5.0,23 December 2018,"Last day in Delhi and we found this place, really nice and tasty food, and kitchen with a course is good thing to support.",Lunch,Trip Advisor
129,5.0,22 December 2018,We went there twice. Both times was good. The food was awesome please do try the chicken tika masala and garlic bread! My favorite place to eat :) the service is superb and the owner is always there,Really good ,Trip Advisor
130,4.0,20 December 2018,"Kitchen with a Cause is the perfect place to kickoff a visit to Delhi - it's a step out of the chaos, the food is delicious and it acts as a training ground for staff (a way to move into a new life).

I went...More","Good food, great cause",Trip Advisor
131,5.0,18 December 2018,"My friend and I arrived in Delhi both exhausted and culture shocked. By the time the evening had come, we had one thought on our mind: food. We wanted to try local Indian cuisine, without taking too much of a risk with Delhi street food...More",A Safe Haven in the Heart of New Delhi,Trip Advisor
132,5.0,16 December 2018,"A very beautiful and vibrant place. The staff made us feel very welcome and were super friendly. We were impressed with quick and smooth service, and ofcourse - the most amazing curry we had in India! I had murrakan chicken the second time, and a...More",Absolutely Amazing food and atmosphere,Trip Advisor
133,5.0,16 December 2018,"I went to this restaurant twice whist I was staying in Delhi and I wish I could have gone more. The food, drink and staff are all excellent. I booked on-line and the staff greeted me by name on both occasions, and like an old...More",Loved it!,Trip Advisor
134,5.0,16 December 2018,"The tempting menu and tasty food was so good at KWAC that I went back a second time! 

I enjoyed some of the best meals I had while in India but what made these mealtimes even more special was the atmosphere. The staff are very...More",Delicious Indian cuisine and fabulous service!,Trip Advisor
135,5.0,16 December 2018,"If you are looking for somewhere to eat in Karol Bagh and support a good cause at the same time this is the place.  My wife and I have just spent 3 weeks on our first tour in India, although we are seasoned Asia travellers....More","Great Food, Cold Beer, Fantastic Staff & Reasonably Priced",Trip Advisor
136,4.0,14 December 2018,"I'd say the food is overpriced for the quality, but then take into account the good work this kitchen does, the money is all worth it. Service and food is average. They do have a good selection of Indian, Chinese and Western food, WITHOUT having...More","Good food & service, for a good cause",Trip Advisor
137,5.0,12 December 2018,We ate at Kitchen Witha Cause early in our trip to India and liked it so well we made sure we had our last Indian meal there. The staff was very attentive and helpful and the food was delicious. The complimentary appetizer of pickled shallots...More,"Great staff,great food",Trip Advisor
138,5.0,9 December 2018,"This is by far my favourite restaurant to eat in in India for so many reasons. The staff are very warm and friendly, the restaurant is super clean (which can sometimes be hard to find in Delhi!) and the food is incredible. The best part...More",The only place to eat in Delhi!,Trip Advisor
139,5.0,5 December 2018,This restaurant is clean the waiters are very friendly. My father and I liked it so much that we went three days in a row! We are no expert in India food but it was in the end of our India trip so we know...More,Amazing food!,Trip Advisor
140,4.0,4 December 2018,"We had a hard time finding the place the first time we went there for dinner.  It was in the middle of very busy open market in the Karol Bagh district of Delhi.
The staff was very friendly and the service was efficient.  It was...More",Our Favorite Restaurant in Delhi,Trip Advisor
141,5.0,3 December 2018,"I try to seek out restaurants with a charitable cause while travelling. This one has a great cause which you can read more about elsewhere. But they wouldn't last long if the food was not good. Luckily it's great!

What more to say... Good location...More",100% Recommended,Trip Advisor
142,5.0,29 November 2018,"This is a place with good atmosphere, friendly staff and divine food. I had the best chicken I have had in my life. KWAC is driven by a good heart and gives you a great opportunity to do something good for others while you eat....More",The best,Trip Advisor
143,5.0,29 November 2018,"While travelling in Delhi had lunch at Kitchen With a Cause. This restaurant has very good food . It is modern looking and very clean. ,In addition to being a great place to eat , this restaurant gives apprenticeships to street kids who have been...More",Great Restaurant,Trip Advisor
144,5.0,27 November 2018,"Excellent meal in a very clean and hygienic kitchen. The staff were friendly and prompt, one of the most enjoyable meals I had in India.More",Great food and service,Trip Advisor
145,5.0,22 November 2018,"In case you are in Karol Bagh (or elsewhere in Delhi) you must visit this wonderful place. It is an oasis inside the bustling market and it will offer you wonderful drinks and food (veg and non-veg).
We dined there every day we spent in...More",Perfect food,Trip Advisor
146,5.0,21 November 2018,Great food and an even better concept! The staff was really nice and helpfull. I would definitely recommend this place!,Great place to eat,Trip Advisor
147,5.0,20 November 2018,"We ate here twice whilst in Delhi, we enjoyed it so much the first time, that we took friends from our tour group with us on our second visit.

The menu is wide ranging with Chinese and Continental options as well as Indian. 

We had...More","Great service and food, with a purpose",Trip Advisor
148,5.0,20 November 2018,"Great restaurant nestled in the bustling Karol Bagh district. The cause, well they help train street children to work in the restaurant, thus giving them a job and a future! If you are a little wary of trying street food, pop in here for some...More",Lovely restaurant,Trip Advisor
149,5.0,20 November 2018,"We had a fantastic lunch at kitchen with a cause, the service was impeccable, food was delicious, and a great cause! Highly recommend if you‚Äôre looking for somewhere to eat in Delhi.",Fantastic Restaurant ,Trip Advisor
150,5.0,20 November 2018,"Best mutton rara of my life! And even better hospitality, and even bigger cause. Hands down! Best of luck!",What a concept! Amazing food!,Trip Advisor
151,5.0,17 November 2018,"What a funky little spot to chill out with some delicious food and mocktails while listening to a killer playlist and supporting such a worthy cause. The service was fantastic - nothing was too much trouble! Bills were split easily, special dietary requirements catered for,...More",An idea can change a life,Trip Advisor
152,5.0,16 November 2018,"Found this restaurant near where we stayed. Great staff, excellent food 

Good gluten free options and a reasonable price.",Excellent experience ,Trip Advisor
153,4.0,15 November 2018,"Tucked into the ground floor of the Hotel Good Palace, on Lane 35 near Ajmal Khan Road in Karol Bagh. Easily accessible on foot, by rickshaw or Tuk-Tuk. A 10/15 minute walk from the Karol Bagh metro station. I have eaten here several times, both...More","Bright, well run, consistent and clean.",Trip Advisor
154,5.0,10 November 2018,"The food was fantastic, the staff were friendly and attentive. Fantastic cause, providing street children with skills for life to help them out of poverty.  Definitely worth a visit.","Lovely Food, wonderful cause",Trip Advisor
155,5.0,5 November 2018,Great place and even greater cause - my kids are still talking about their tasty meals (which they‚Äôre rarely do). We happened upon this spot after arriving in Delhi and looking for places to eat near our hotel. It was in walking distance and said...More,Echoing what others have said,Trip Advisor
156,5.0,4 November 2018,We came to this special place at the start of a guided tour around India and it was so good we had to come back our last night before leaving Delhi! Kitchen with a Cause gives local street kids an internship opportunity to learn the...More,just as good the second time!,Trip Advisor
157,5.0,1 November 2018,Me and my daughter visited for dinner and was offered a range of vegan dishes. The manager understood that we couldn't eat dairy and even made us the most creamiest vegan Korma! The service was excellent and it was nice to see the managers training...More,Great food for an even greater cause,Trip Advisor
158,5.0,30 October 2018,The manager was very helpful as well as the waitress who is getting a six months training which will allow her to get a job. The chicken Tika masala was wonderful. I would gladly come back as it is easy to reach from many hotels...More,A pleasant experience and good food,Trip Advisor
159,5.0,28 October 2018,"Great safe place to eat, good menu  and fair pricing too. If Its not precisely what you want, ask them to mix it up as you like it 

Recommended!",Lovely meal- second vist,Trip Advisor
160,5.0,26 October 2018,"My partner and I had lunch at Kitchen with a cause recently and absolutely loved it. The wait staff made us feel like we were stars and the food was outstanding. Despite the hustle and bustle of everything around you, this restaurant feels like an...More",Amazing food and Service!,Trip Advisor
161,5.0,18 October 2018,"I think it‚Äôs perfect place for European. The atmosphere is nice (just normal as for our standards, while in many places in India I felt creepy). The restaurant is much cleaner than Indian standards. The food and shakes are tasty and safe. Besides, they use...More",Perfect,Trip Advisor
162,5.0,16 October 2018,"We went to Kitchen With a Cause twice while in Delhi and just loved the experience. The staff is very friendly, the restaurant is very clean and the decor is beautiful. All the food we tried was delicious and the drinks (mocktails and shakes) were...More","Great food, great cause",Trip Advisor
163,4.0,14 October 2018,"just now

Great meal, tad pricey (compared to what's out therr) but worth it I think. I can recommend the chef's selection which is enough for two people. My only complaint was lack of alcohol :)",Great meals,Trip Advisor
164,5.0,10 October 2018,"I loved it so much I had 7 meals there during my 6 days in Delhi. It was spotless, the food was tasty and well presented and the bathroom clean. The staff were lovely and friendly. I felt very safe eating there so just kept...More",Absolutely loved it,Trip Advisor
165,5.0,9 October 2018,"I thought this place will have average food as the focus might be on community building only, but I was wrong . So good to see that great food, clean restaurant and a social cause all are working hand in hand. Highly recommended",Great food ,Trip Advisor
166,5.0,5 October 2018,"We thought is might be a tourist trap, but it was one of our best meals in India. Very tasty. Also, I *loved* that they even had women servers! Progressive! It was the *only* place in India where we had that. And all for a...More",One of our best meals - but looks very touristy,Trip Advisor
167,5.0,1 October 2018,"Delightful restaurant for its ambiance, delicious, well presented food, value for money and polite and helpful staff. We shall definitely be returning!",Simple but impressive,Trip Advisor
168,4.0,28 September 2018,Very good food and service...nice place to scape from the noise...and the toilet is very clean!I only miss a cold beer...but it seems that they are applyig for the license...,Very good place,Trip Advisor
169,5.0,14 September 2018,"An oasis in the middle of hot, dusty, noisy, mid summer madness of Karol Bagh market district. Great food, fantastic variety, excellent service and all this in CLEAN HARMONIOUS and HYGIENIC environs",An Oasis,Trip Advisor
170,5.0,3 September 2018,"Really clean food, cheap and delicious. Perfect for people on holidays unsure what to eat. And a brilliant initiative helping people from the streets!",Really delcious,Trip Advisor
171,5.0,26 August 2018,"Partially supported by Canadian travel company G Adventures, this Kitchen with a Cause gives an opportunity to street children to start a career and to learn skills which will allow them to survive and grow in the hectic world of  Delhi. One of the owners...More",An important initiative,Trip Advisor
172,5.0,23 August 2018,Great food. Worth a visit if you are in New Delhi. Staff are friendly and service excellent. We visited on our first night and last night in Delhi.,Great food,Trip Advisor
173,4.0,21 August 2018,"Our G adventure guide took us here and I noticed there were many other tourists groups. It's a lovely place and has really good food for for reasonable prices. 
went there twice during my stay. I really enjoyed their food! they have a great selection...More",Great place for tourists,Trip Advisor
174,5.0,30 July 2018,"came here with a group and we had a great evening. Delicious food, immaculate service, very clean and a wonderful ethical background to the business. The best meal I had in all of India!",Fantastic place!,Trip Advisor
175,4.0,29 July 2018,We went through this place via g adventures. We were assured all food was safe and tasty. The vegetarian options were delicious!,Good quality,Trip Advisor
176,4.0,21 July 2018,We had dinner at Street kitchen and it gave you the warm and fuzzies as well as a nice reasonably priced meal. The staff are orphans who are trained and given jobs to help them along and they do a great job.  There is a...More,Restaurant with a cause,Trip Advisor
177,5.0,9 July 2018,"Street Kitchen & Grill is a restaurant that helps young local people from India who grew up in orphanages. The owners provide a job for them in order to guide them towards independency, which is an AMAZING way to give back to their community. I...More",India,Trip Advisor
178,5.0,30 June 2018,"Not only is the restaurant modern and beautifully decorated, but they do a fantastic job of giving back to the community by training disadvantaged youth and training them in the service industry.  It‚Äôs a pretty new restaurant (and concept!) and they have really done a...More",Fantastic concept and food!,Trip Advisor
179,5.0,23 June 2018,"Went to street kitchen and grill with my friends who were in Delhi on business tour. Attractive ambiance and modern decor, this restaurant is run by two young men who were there to greet us and were very humble and informative. Mr Govind told us...More",Tasty food ,Trip Advisor
180,5.0,20 May 2018,"This is a great project to support local people, but better than that, the restaurant itself has a lovely atmosphere, the decor is modern and the menu has something for everyone. Food was delicious - everyone in our group was pleased with their meal.","Great food, lovely place",Trip Advisor
181,5.0,13 May 2018,Not only do they serve excellent food but this is also a training place for young people. The service is excellent and they offer an extensive menu as well as specials all at a very good price.  I have eaten here a number of times...More,More than just a restaurant,Trip Advisor
182,5.0,7 May 2018,Our university field school had a really great meal here. Great service and also an inspiring chat with the owner about the social innovation model that is helping street kids develop skills in the hospitality industry. Wonderful food.,Canadian students visit unique restaurant,Trip Advisor
183,5.0,7 May 2018,"Clean place, looks like new in modern, industrial style. Very good food. The owner is asking if you are satisfied. My veg spaghetti in European style; Mango lassi - jami. üòä","Clean, modern place with delicious food ",Trip Advisor
184,5.0,11 April 2018,My daughter and I ate here two days in a row. The traditional and authentic Indian food was delicious. Portions were generous. The staff was friendly and attentive with a few speaking English. Menu of good variety in English. Premises were clean and decor was...More,Delicious and Generous,Trip Advisor
185,5.0,8 April 2018,"We came here with our G Adventures group on our first meal in India. 

It was probably best meal we had here.

No faults",Incredible first meal in India,Trip Advisor
186,5.0,4 April 2018,"Street kitchen is amazing. I love it! The food is delicious and the menu is varied. And the best thing about the restaurant is that they support disadvantaged kids/young people by offering them opportunities to gain employment and a better future. 
A must try in...More",Best food and amazing atmosphere,Trip Advisor
187,5.0,3 April 2018,"Went back here because the food is so good. Best we‚Äôve had on our trip to India. Very clean and friendly place, dont miss this one!",Best food in Delhi,Trip Advisor
188,5.0,3 April 2018,"We went back for this place. The food is amazing, we only ate the Indian food. They use their own herbs and have food you cannot get anywhere else. Take a look at the specials. With the money they make they help poor street children...More","Fantastic food, brilliant place",Trip Advisor
189,5.0,30 March 2018,"We were shopping in Karol Bagh and were looking for a place to eat and take a break from shopping. 
This was our haven! Friendly English speaking staff. We ordered the Dal and Butter chicken -very tasty and mild. The restrooms are clean . During...More",Great food and oasis in hectic Karol Bagh Market!,Trip Advisor
190,5.0,29 March 2018,"We ate here as a group on two occasions.The menu is varied , there is plenty of food and the food is of good quality. Sit back and enjoy a mocktail and a pickled onion  whilst young people are supported in making their way in...More",Cause and Course,Trip Advisor
191,5.0,19 March 2018,"we weren't in Delhi long, but made a point of returning to this restaurant for a second visit on our last night as we knew the food would be delicious, well-presented, reasonably priced and the whole place is clean ( great loos!) and beautifully decorated....More",well worth a visit.,Trip Advisor
192,5.0,7 March 2018,"Had a great meal here at the start of our group tour in India.  It was only newly open and they coped very well with a large group.  Every person in our group enjoyed their meals, not one complaint.  They were still sorting out their...More",Eating delicious food for a cause,Trip Advisor
193,5.0,27 February 2018,"My travel group (5 total) found this gem of a restaurant on our last day in Delhi, and we couldn‚Äôt have been happier. The decor is hip and modern and emphasizes the restaurant‚Äôs aim to help children in the community. The owner greeted us at...More",Must try in Delhi! ,Trip Advisor
194,5.0,20 February 2018,"Street kitchen and grill is amazing! We have come here twice now because We love it so much! The food was delicious, the best we have had on our trip so far! Mr Bhatt and other staff were all very welcoming and gave us recommendations...More",Amazing food and atmosphere ,Trip Advisor
195,5.0,20 February 2018,"Mr Bhatt, the owner convinced us to allow him to order for us and it was the best decision, great tasting dishes conjured up by the chef perfectly hit the spot!More",Absolutely delicious!,Trip Advisor
196,5.0,19 February 2018,"A perfect meal and a great place and atmosphere - attentive staff and had a great vibe, we wouldn‚Äôt visit Delhi again without coming here first!More",Perfect Visit in heart of Dehli,Trip Advisor
197,5.0,19 February 2018,"This was our tour groups first meal in India, and we were made to feel instantly welcome. The manager came to introduce himself and the food was incredible. Apart from being the best presented food we had during our trip, it tasted lovely too. I...More",Excellent food and vibe,Trip Advisor
198,5.0,17 February 2018,"Lip smacking, delicious food, cool ambience, homely vibe with a really helpful and friendly staff.
Also great initiative - giving back to the community!!!More",Delicious food,Trip Advisor
199,5.0,16 February 2018,Great ambiance and super service with their food quality. They did every thing to make my son birthday special.More,Best Birthday party ever,Trip Advisor
200,5.0,11 February 2018,"Our group of travellers enjoyed the food and drinks at Street Kitchen for dinner twice while on a tour of India. We started with drinks from their large selection of smoothies, shakes, lassi and juices, all freshly prepared and artfully presented. Our food choices were...More",Artfully presented delicious food,Trip Advisor
